CREATE TABLE IF NOT EXISTS public.rooms (
	room_id serial NOT NULL,
	room_theatre_address VARCHAR(255),
	capacity integer NOT NULL,
	PRIMARY KEY (room_id,room_theatre_address)
);

CREATE TABLE IF NOT EXISTS public.theatre  (
	theatre_address varchar(255) NOT NULL,
	theatre_name varchar(50) NOT NULL,
	CONSTRAINT theatre_pk PRIMARY KEY (theatre_address)
);

ALTER TABLE public.rooms
   	ADD CONSTRAINT room_theatre_address_fk FOREIGN KEY (room_theatre_address) REFERENCES theatre(theatre_address);

CREATE TABLE IF NOT EXISTS public.theatre_play (
	play_name varchar(50) NOT NULL,
	author varchar(50),
	original_play_location varchar(50),
	total_actor integer,
	total_actress integer,
	CONSTRAINT theatre_play_pk PRIMARY KEY (play_name)
);

CREATE TABLE IF NOT EXISTS public.actors (
	id bigserial NOT NULL,
	fullname varchar(50) NOT NULL,
	sex varchar(50),
	birthday date,
	salary integer,
	CONSTRAINT actors_pk PRIMARY KEY (id)
);

CREATE TABLE IF NOT EXISTS public.activity (
	activity_id serial UNIQUE NOT NULL,
	activity_theatre_address varchar(255),
	activity_date date NOT NULL,
	activity_play_name varchar(50),
	activity_room_id serial,
	CONSTRAINT activity_pk PRIMARY KEY (activity_date),
	CONSTRAINT activity_play_name_fk FOREIGN KEY (activity_play_name) REFERENCES theatre_play(play_name),
	CONSTRAINT activity_theatre_address_fk FOREIGN KEY (activity_theatre_address) REFERENCES theatre(theatre_address)
);

CREATE TABLE IF NOT EXISTS public.ticket (
	id bigserial NOT NULL,
	ticket_price integer,
	ticket_date date,
	ticket_play_name varchar(50),
	CONSTRAINT ticket_pk PRIMARY KEY (id),
	CONSTRAINT ticket_date_fk FOREIGN KEY (ticket_date) REFERENCES activity(activity_date),
	CONSTRAINT ticket_play_name_fk FOREIGN KEY (ticket_play_name) REFERENCES theatre_play(play_name)
);

CREATE TABLE IF NOT EXISTS public.customer (
	id bigserial NOT NULL,
	ticket_id serial,
	customer_name varchar(50),
	birthday date,
	CONSTRAINT customer_pk PRIMARY KEY (id),
	CONSTRAINT customer_ticket_id_fk FOREIGN KEY (ticket_id) REFERENCES ticket(id)
);

CREATE TABLE IF NOT EXISTS public.take_part (
	take_part_activity_id serial,
	take_part_actor_id bigserial,
	CONSTRAINT actor_take_part_activity_id_fk FOREIGN KEY (take_part_activity_id) REFERENCES activity(activity_id),
	CONSTRAINT actor_take_part_actor_id_fk FOREIGN KEY (take_part_actor_id) REFERENCES actors(id)
);

CREATE TABLE IF NOT EXISTS public.theatre_play_genres ( -- theatre plays' category
	genre varchar(50) NOT NULL,
	play_name_genre varchar(50),
	CONSTRAINT play_name_genre_fk FOREIGN KEY (play_name_genre) REFERENCES theatre_play(play_name)
);

INSERT INTO theatre(theatre_name,theatre_address)
	VALUES  	('Buyuk_Sehir_Tiyatro','Istanbul;Beyoglu;Yeliz_Sokak'),
            	('Yildiz_Ankara','Ankara;Cankaya;Meric_Sokak'),
            	('Aksaray_Tiyatro_Salonu','Aksaray;Eskil;Taspazar_Sokak'),
            	('Basaksehir_Tiyatro_Salonu','Istanbul;Atasehir;Yasam_Sokak'),
            	('Tekin_Istanbul','Istanbul;Atasehir;Ekinciogullari_Sokak'),
            	('Baskent_Tiyatro_Salonu','Ankara;Cankiri;Tatar_Sokak'),
            	('Karsiyaka_Tiyatro_Salonu','Izmir;Karsiyaka;Mustafa_Kemal_Sokak'),
            	('Baklava_Tiyatro_Salonu','Gaziantep;Oguzeli;Sanli_Sokak'),
            	('Ulu_Camii_Tiyatro','Bursa;Inegol;Buyuk_Agac_Sokak'),
            	('Super_Yildiz_Tiyatro','Trabzon;Akcaabat;Uzungol_Sokak');

INSERT INTO rooms(room_id,capacity,room_theatre_address)
		VALUES 	('01',100,'Istanbul;Beyoglu;Yeliz_Sokak'),
				('01',70,'Ankara;Cankaya;Meric_Sokak'),
				('01',80,'Aksaray;Eskil;Taspazar_Sokak'),
				('01',40,'Istanbul;Atasehir;Yasam_Sokak'),
				('02',70,'Istanbul;Beyoglu;Yeliz_Sokak'),
				('01',150,'Ankara;Cankiri;Tatar_Sokak'),
				('01',100,'Izmir;Karsiyaka;Mustafa_Kemal_Sokak'),
				('02',70,'Ankara;Cankiri;Tatar_Sokak'),
				('02',40,'Ankara;Cankaya;Meric_Sokak'),
				('02',80,'Istanbul;Atasehir;Yasam_Sokak'),
				('01',100,'Gaziantep;Oguzeli;Sanli_Sokak'),
				('02',40,'Izmir;Karsiyaka;Mustafa_Kemal_Sokak'),
				('01',80,'Bursa;Inegol;Buyuk_Agac_Sokak'),
				('01',150,'Trabzon;Akcaabat;Uzungol_Sokak'),
				('02',100,'Aksaray;Eskil;Taspazar_Sokak'),
				('02',70,'Gaziantep;Oguzeli;Sanli_Sokak'),
				('02',40,'Trabzon;Akcaabat;Uzungol_Sokak'),
				('02',100,'Bursa;Inegol;Buyuk_Agac_Sokak'),
				('01',40,'Istanbul;Atasehir;Ekinciogullari_Sokak'),
				('02',100,'Istanbul;Atasehir;Ekinciogullari_Sokak');

INSERT INTO theatre_play(play_name,author,original_play_location,total_actor,total_actress)
       VALUES 	 ('Romeo&Juliet','William_Shakespeare',null,2,1),
                 ('Hamlet','William_Shakespeare',null,3,2),
                 ('Uc_Kurusluk_Opera','Bertolt_Brecht',null,5,2),
                 ('Kral_Oidipus','Sophokles',null,3,5),
                 ('Bir_Bebek_Evi','Henrik_Ibsen',null,2,3),
                 ('Godot’yu_Beklerken','Samuel_Beckett','Ankara',1,2),
                 ('Kibarlik_Budalasi','Moliere','Izmir',3,1),
                 ('Saticinin_Olumu','Arthur_Miller',null,2,2),
                 ('Bir_Delinin_Hatira_Defteri','Nikolay_Vasilyevic_Gogol',null,6,4), 
                 ('Visne_Bahcesi','Anton_Cehov',null,2,1);

INSERT INTO actors(id,fullname,sex,birthday,salary)
   		VALUES 	('16789548775','Cetin Tekindor','Man','1974-01-12',5000),
               	('19789587512','Haldun Dormen','Man','1964-08-07',5000),
               	('36145897453','Yildiz Kenter','Woman','1956-03-17',4200),
               	('81359748568','Haluk Bilginer','Man','1995-04-19',3750),
               	('78514897884','Ferhan Sensoy','Man','1978-10-12',4500),
              	('14587244538','Meral Cetinkaya','Woman','1966-04-07',3500),
               	('17842365997','Buse Erkal','Woman','1972-09-11',4750),
               	('74891356481','Mujdat Gezen','Man','1965-11-03',5600),
               	('74652456186','Metin Akpinar','Man','1979-07-06',3000),
               	('65865246851','Rukiye Aziz','Woman','1960-10-04',5400),
               	('14855564414','Mustafa Akyildiz','Man','1970-12-27',6000),
               	('84254796542','Sinem Apaydin','Woman','2000-09-20',4750),
               	('74526841525','Kubra Tekin','Woman','1972-05-21',7000),
               	('14529687258','Ayse Mutlu','Woman','1954-04-30', 4200),
               	('57845255215','Bayram Gok','Man','1968-04-28',4700),
               	('85449625248','Senem Tekir','Woman','1935-08-06',3000),
               	('14578945887','Umut Korkut','Man','1974-04-09',4000),
               	('57846987445','Betul Caliskan','Woman','1965-08-26',4500),
                ('45875665226','Ozge Gecgel','Woman','1957-07-30',3400),
                ('75484965137','Samet Caliskan','Man','1975-04-28',4250);

INSERT INTO activity(activity_id,activity_date,activity_theatre_address,activity_play_name,activity_room_id)
   VALUES  		('01','2019-05-29','Istanbul;Beyoglu;Yeliz_Sokak','Romeo&Juliet','01'),
            	('02','2019-07-17','Ankara;Cankaya;Meric_Sokak','Hamlet','02'),
            	('03','2019-07-25','Ankara;Cankiri;Tatar_Sokak','Godot’yu_Beklerken','01'),
            	('04','2019-08-14','Aksaray;Eskil;Taspazar_Sokak','Uc_Kurusluk_Opera','01'),
           	 	('05','2019-10-09','Istanbul;Atasehir;Yasam_Sokak','Kral_Oidipus','01'),
           	 	('06','2019-11-25','Ankara;Cankiri;Tatar_Sokak','Godot’yu_Beklerken','02'),
            	('07','2020-01-01','Istanbul;Atasehir;Ekinciogullari_Sokak','Bir_Bebek_Evi','02'),
            	('08','2020-01-25','Istanbul;Atasehir;Ekinciogullari_Sokak','Romeo&Juliet','01'),
            	('09','2020-02-03','Istanbul;Atasehir;Yasam_Sokak','Godot’yu_Beklerken','02'),
            	('10','2020-02-04','Istanbul;Atasehir;Yasam_Sokak','Kral_Oidipus','01'),
            	('11','2020-02-12','Aksaray;Eskil;Taspazar_Sokak','Uc_Kurusluk_Opera','02'),
            	('12','2020-03-17','Ankara;Cankiri;Tatar_Sokak','Saticinin_Olumu','01'),
            	('13','2020-08-27','Istanbul;Beyoglu;Yeliz_Sokak','Kibarlik_Budalasi','02'),
            	('14','2021-02-27','Istanbul;Beyoglu;Yeliz_Sokak','Kibarlik_Budalasi','01'),
            	('15','2021-03-17','Gaziantep;Oguzeli;Sanli_Sokak','Saticinin_Olumu','01'),
            	('16','2021-05-10','Bursa;Inegol;Buyuk_Agac_Sokak','Bir_Delinin_Hatira_Defteri','01'),
            	('17','2021-05-21','Trabzon;Akcaabat;Uzungol_Sokak','Visne_Bahcesi','02'),
            	('18','2021-07-25','Ankara;Cankiri;Tatar_Sokak','Godot’yu_Beklerken','02');

INSERT INTO ticket(id, ticket_price,ticket_date,ticket_play_name)
        VALUES              ('01',99,'2019-05-29','Romeo&Juliet'),
							('02',99,'2019-05-29','Romeo&Juliet'),
							('03',99,'2019-05-29','Romeo&Juliet'),
							('04',99,'2019-05-29','Romeo&Juliet'),
							('05',99,'2019-05-29','Romeo&Juliet'),
							('06',99,'2019-05-29','Romeo&Juliet'),
							('07',99,'2019-05-29','Romeo&Juliet'),
							('08',99,'2019-05-29','Romeo&Juliet'),
							('09',99,'2019-05-29','Romeo&Juliet'),
							('10',99,'2019-05-29','Romeo&Juliet'),
							('11',50,'2019-07-17','Hamlet'),
							('12',50,'2019-07-17','Hamlet'),
							('13',50,'2019-07-17','Hamlet'),
							('14',50,'2019-07-17','Hamlet'),
							('15',50,'2019-07-17','Hamlet'),
							('16',50,'2019-07-17','Hamlet'),
							('17',50,'2019-07-17','Hamlet'),
							('18',50,'2019-07-17','Hamlet'),
							('19',50,'2019-07-17','Hamlet'),
							('20',50,'2019-07-17','Hamlet'),
							('21',55,'2019-08-14','Uc_Kurusluk_Opera'),
							('22',55,'2019-08-14','Uc_Kurusluk_Opera'),
							('23',55,'2019-08-14','Uc_Kurusluk_Opera'),
							('24',55,'2019-08-14','Uc_Kurusluk_Opera'),
							('25',55,'2019-08-14','Uc_Kurusluk_Opera'),
							('26',55,'2019-08-14','Uc_Kurusluk_Opera'),
							('27',55,'2019-08-14','Uc_Kurusluk_Opera'),
							('28',55,'2019-08-14','Uc_Kurusluk_Opera'),
							('29',55,'2019-08-14','Uc_Kurusluk_Opera'),
							('30',55,'2019-08-14','Uc_Kurusluk_Opera'),
							('31',29,'2019-10-09','Kral_Oidipus'),
							('32',29,'2019-10-09','Kral_Oidipus'),
							('33',29,'2019-10-09','Kral_Oidipus'),
							('34',29,'2019-10-09','Kral_Oidipus'),
							('35',29,'2019-10-09','Kral_Oidipus'),
							('36',29,'2019-10-09','Kral_Oidipus'),
							('37',29,'2019-10-09','Kral_Oidipus'),
							('38',29,'2019-10-09','Kral_Oidipus'),
							('39',29,'2019-10-09','Kral_Oidipus'),
							('40',29,'2019-10-09','Kral_Oidipus'),
							('41',19,'2020-01-01','Bir_Bebek_Evi'),
							('42',19,'2020-01-01','Bir_Bebek_Evi'),
							('43',19,'2020-01-01','Bir_Bebek_Evi'),
							('44',19,'2020-01-01','Bir_Bebek_Evi'),
							('45',19,'2020-01-01','Bir_Bebek_Evi'),
							('46',19,'2020-01-01','Bir_Bebek_Evi'),
							('47',19,'2020-01-01','Bir_Bebek_Evi'),
							('48',19,'2020-01-01','Bir_Bebek_Evi'),
							('49',19,'2020-01-01','Bir_Bebek_Evi'),
							('50',19,'2020-01-01','Bir_Bebek_Evi'),
							('51',15,'2020-01-25','Romeo&Juliet'),
							('52',15,'2020-01-25','Romeo&Juliet'),
							('53',15,'2020-01-25','Romeo&Juliet'),
							('54',15,'2020-01-25','Romeo&Juliet'),
							('55',15,'2020-01-25','Romeo&Juliet'),
							('56',15,'2020-01-25','Romeo&Juliet'),
							('57',15,'2020-01-25','Romeo&Juliet'),
							('58',15,'2020-01-25','Romeo&Juliet'),
							('59',15,'2020-01-25','Romeo&Juliet'),
							('60',15,'2020-01-25','Romeo&Juliet'),
							('61',35,'2021-02-27','Kibarlik_Budalasi'),
							('62',35,'2021-02-27','Kibarlik_Budalasi'),
							('63',35,'2021-02-27','Kibarlik_Budalasi'),
							('64',35,'2021-02-27','Kibarlik_Budalasi'),
							('65',35,'2021-02-27','Kibarlik_Budalasi'),
							('66',35,'2021-02-27','Kibarlik_Budalasi'),
							('67',35,'2021-02-27','Kibarlik_Budalasi'),
							('68',35,'2021-02-27','Kibarlik_Budalasi'),
							('69',35,'2021-02-27','Kibarlik_Budalasi'),
							('70',35,'2021-02-27','Kibarlik_Budalasi'),
							('71',75,'2021-03-17','Saticinin_Olumu'),
							('72',75,'2021-03-17','Saticinin_Olumu'),
							('73',75,'2021-03-17','Saticinin_Olumu'),
							('74',75,'2021-03-17','Saticinin_Olumu'),
							('75',75,'2021-03-17','Saticinin_Olumu'),
							('76',75,'2021-03-17','Saticinin_Olumu'),
							('77',75,'2021-03-17','Saticinin_Olumu'),
							('78',75,'2021-03-17','Saticinin_Olumu'),
							('79',75,'2021-03-17','Saticinin_Olumu'),
							('80',75,'2021-03-17','Saticinin_Olumu'),
							('81',89,'2021-05-10','Bir_Delinin_Hatira_Defteri'),
							('82',89,'2021-05-10','Bir_Delinin_Hatira_Defteri'),
							('83',89,'2021-05-10','Bir_Delinin_Hatira_Defteri'),
							('84',89,'2021-05-10','Bir_Delinin_Hatira_Defteri'),
							('85',89,'2021-05-10','Bir_Delinin_Hatira_Defteri'),
							('86',89,'2021-05-10','Bir_Delinin_Hatira_Defteri'),
							('87',89,'2021-05-10','Bir_Delinin_Hatira_Defteri'),
							('88',89,'2021-05-10','Bir_Delinin_Hatira_Defteri'),
							('89',89,'2021-05-10','Bir_Delinin_Hatira_Defteri'),
							('90',89,'2021-05-10','Bir_Delinin_Hatira_Defteri'),
							('91',80,'2021-05-21','Visne_Bahcesi'),
							('92',80,'2021-05-21','Visne_Bahcesi'),
							('93',80,'2021-05-21','Visne_Bahcesi'),
							('94',80,'2021-05-21','Visne_Bahcesi'),
							('95',80,'2021-05-21','Visne_Bahcesi'),
							('96',80,'2021-05-21','Visne_Bahcesi'),
							('97',80,'2021-05-21','Visne_Bahcesi'),
							('98',80,'2021-05-21','Visne_Bahcesi'),
							('99',80,'2021-05-21','Visne_Bahcesi'),
							('100',75,'2019-07-25','Godot’yu_Beklerken'),
							('101',75,'2019-07-25','Godot’yu_Beklerken'),
							('102',75,'2019-07-25','Godot’yu_Beklerken'),
							('103',75,'2019-07-25','Godot’yu_Beklerken'),
							('104',75,'2019-07-25','Godot’yu_Beklerken'),
							('105',75,'2019-07-25','Godot’yu_Beklerken'),
							('106',75,'2019-07-25','Godot’yu_Beklerken'),
							('107',75,'2019-07-25','Godot’yu_Beklerken'),
							('108',75,'2019-07-25','Godot’yu_Beklerken'),
							('109',75,'2019-07-25','Godot’yu_Beklerken'),
							('110',89,'2019-11-25','Godot’yu_Beklerken'),
							('111',89,'2019-11-25','Godot’yu_Beklerken'),
							('112',89,'2019-11-25','Godot’yu_Beklerken'),
							('113',89,'2019-11-25','Godot’yu_Beklerken'),
							('114',89,'2019-11-25','Godot’yu_Beklerken'),
							('115',89,'2019-11-25','Godot’yu_Beklerken'),
							('116',89,'2019-11-25','Godot’yu_Beklerken'),
							('117',89,'2019-11-25','Godot’yu_Beklerken'),
							('118',89,'2019-11-25','Godot’yu_Beklerken'),
							('119',89,'2019-11-25','Godot’yu_Beklerken'),
							('120',89,'2020-02-03','Godot’yu_Beklerken'),
							('121',89,'2020-02-03','Godot’yu_Beklerken'),
							('122',89,'2020-02-03','Godot’yu_Beklerken'),
							('123',89,'2020-02-03','Godot’yu_Beklerken'),
							('124',89,'2020-02-03','Godot’yu_Beklerken'),
							('125',89,'2020-02-03','Godot’yu_Beklerken'),
							('126',89,'2020-02-03','Godot’yu_Beklerken'),
							('127',89,'2020-02-03','Godot’yu_Beklerken'),
							('128',89,'2020-02-03','Godot’yu_Beklerken'),
							('129',89,'2020-02-03','Godot’yu_Beklerken'),
							('130',99,'2020-02-04','Kral_Oidipus'),
							('131',99,'2020-02-04','Kral_Oidipus'),
							('132',99,'2020-02-04','Kral_Oidipus'),
							('133',99,'2020-02-04','Kral_Oidipus'),
							('134',99,'2020-02-04','Kral_Oidipus'),
							('135',99,'2020-02-04','Kral_Oidipus'),
							('136',99,'2020-02-04','Kral_Oidipus'),
							('137',99,'2020-02-04','Kral_Oidipus'),
							('138',99,'2020-02-04','Kral_Oidipus'),
							('139',99,'2020-02-04','Kral_Oidipus'),
							('140',55,'2020-02-12','Uc_Kurusluk_Opera'),
							('141',55,'2020-02-12','Uc_Kurusluk_Opera'),
							('142',55,'2020-02-12','Uc_Kurusluk_Opera'),
							('143',55,'2020-02-12','Uc_Kurusluk_Opera'),
							('144',55,'2020-02-12','Uc_Kurusluk_Opera'),
							('145',55,'2020-02-12','Uc_Kurusluk_Opera'),
							('146',55,'2020-02-12','Uc_Kurusluk_Opera'),
							('147',55,'2020-02-12','Uc_Kurusluk_Opera'),
							('148',55,'2020-02-12','Uc_Kurusluk_Opera'),
							('149',55,'2020-02-12','Uc_Kurusluk_Opera'),
							('150',80,'2020-08-27','Kibarlik_Budalasi'),
							('151',80,'2020-08-27','Kibarlik_Budalasi'),
							('152',80,'2020-08-27','Kibarlik_Budalasi'),
							('153',80,'2020-08-27','Kibarlik_Budalasi'),
							('154',80,'2020-08-27','Kibarlik_Budalasi'),
							('155',80,'2020-08-27','Kibarlik_Budalasi'),
							('156',80,'2020-08-27','Kibarlik_Budalasi'),
							('157',80,'2020-08-27','Kibarlik_Budalasi'),
							('158',80,'2020-08-27','Kibarlik_Budalasi'),
							('159',80,'2020-08-27','Kibarlik_Budalasi'),
							('160',19,'2021-03-17','Saticinin_Olumu'),
							('161',19,'2021-03-17','Saticinin_Olumu'),
							('162',19,'2021-03-17','Saticinin_Olumu'),
							('163',19,'2021-03-17','Saticinin_Olumu'),
							('164',19,'2021-03-17','Saticinin_Olumu'),
							('165',19,'2021-03-17','Saticinin_Olumu'),
							('166',19,'2021-03-17','Saticinin_Olumu'),
							('167',19,'2021-03-17','Saticinin_Olumu'),
							('168',19,'2021-03-17','Saticinin_Olumu'),
							('169',19,'2021-03-17','Saticinin_Olumu'),
							('170',55,'2021-07-25','Godot’yu_Beklerken'),
							('171',55,'2021-07-25','Godot’yu_Beklerken'),
							('172',55,'2021-07-25','Godot’yu_Beklerken'),
							('173',55,'2021-07-25','Godot’yu_Beklerken'),
							('174',55,'2021-07-25','Godot’yu_Beklerken'),
							('175',55,'2021-07-25','Godot’yu_Beklerken'),
							('176',55,'2021-07-25','Godot’yu_Beklerken'),
							('177',55,'2021-07-25','Godot’yu_Beklerken'),
							('178',55,'2021-07-25','Godot’yu_Beklerken'),
							('179',55,'2021-07-25','Godot’yu_Beklerken');
							
INSERT INTO customer(id,customer_name,birthday)
       VALUES 	   ('01','Ali Mutlu','1985-10-07'),
                   ('02','Merve Altin','1973-04-21'),
                   ('03','Samed Caliskan','2000-05-22'),
                   ('04','Tugrul Tekin','1987-07-17'),
                   ('05','Tulay Goktas','1975-06-10'),
                   ('06','Vural Yucel','1995-04-29'),
                   ('07','Mustafa Kocak','1972-03-07'),
                   ('08','Adem Deniz','1988-01-01'),
                   ('09','Bayram Gok','2002-10-22'),
                   ('10','Asli Mutlu','1999-03-12'),
                   ('11','Adem Buyuk','2003-06-04'),
                   ('12','Enes Goktas','1996-12-29'),
                   ('13','Hasan Caliskan','1989-11-30'),
                   ('14','Mustafa Av','2001-09-16'),
                   ('15','Sila Ansiz','2002-07-24'),
                   ('16','Murat Bayrak',null),
                   ('17','Kubra Al','1978-02-05'),
                   ('18','Betul Acar','2000-02-02'),
                   ('19','Ismail Karacaoglan','1999-06-29'),
                   ('20','Merve Sezer','1987-12-01'),
                   ('21','Ahmet Tekin','1999-11-08'),
                   ('22','Ibrahim Er','1985-05-27'),
                   ('23','Burak Mutlu','2003-11-19'),
                   ('24','Bayrak Mustafa','1998-03-24'),
                   ('25','Dogan Gulen','1996-12-29'),
                   ('26','Mustafa Tek','2004-05-27'),
                   ('27','Tulay Ozsevgic','1965-07-19'),
                   ('28','Merve Aydogdu','1976-04-17'),
                   ('29','Betul Alan','1948-07-10'),
                   ('30','Yilmaz Ciftdogan','1967-04-30'),
                   ('31','Ali Mutlu','1987-05-19'),
                   ('32','Mustafa Bayrak','1975-06-30'),
                   ('33','Hasan Eroglu','1956-01-24'),
                   ('34','Umut Korkut','1999-05-29'),
                   ('35','Oguzhan Tekin','2005-12-28'),
                   ('36','Emirhan Bilgic','1987-11-24'),
                   ('37','Emre Sen','1987-02-27'),
                   ('38','Oflaz Cetin','1977-04-30'),
                   ('39','Murat Ak','1983-04-06'),
                   ('40','Sinem Apak','1988-05-14'),
                   ('41','Buray Resmin','1976-05-21'),
                   ('42','Rafet Altin','1997-09-12'),
                   ('43','Hakan Altuntas','1994-05-18'),
                   ('44','Kerem Kara','1998-04-07'),
                   ('45','Osman Atak','1982-12-18'), 
                   ('46','Metin Sen','1998-05-21'),
                   ('47','Mine Er','2004-04-24'),
                   ('48','Beyza Kasal','2001-08-19'),
                   ('49','Sevval Unlu','1995-05-29'),
                   ('50','Kahraman Catik','1983-05-12'),
                   ('51','Ali Cat',null),
                   ('52','Rumeysa Caliskan','1968-03-27'),
                   ('53','Enes Eren','1969-10-23'),
                   ('54','Burcu Zorlu','1937-07-26'),
                   ('55','Onur Karamuk','2008-12-28'),
                   ('56','Bugra Gumussoy','2001-06-27'),
                   ('57','Hande Et','2004-12-29'),
                   ('58','Kerim Batirikci','1948-09-27'),
                   ('59','Ali Ihsanoglu','1951-06-28'),
                   ('60','Eren Engin','1945-08-13'),
                   ('61','Kubra Huylu',null),
                   ('62','Sevim Demiroglu','1987-04-12'),               
                   ('63','Neslihan Kalmis','1988-05-12'),
                   ('64','Kaan Tez','1999-01-22'),
                   ('65','Asli Tuysuz','2000-05-12'),
                   ('66','Bengisu Nazli','2006-05-12'),
                   ('67','Yigit Aslan','1997-05-24'),
                   ('68','Ramazan Seferoglu','2004-06-21'),
                   ('69','Isik Ates',null),
                   ('70','Merve Bilgic','1957-10-30'),
                   ('71','Pinar Bulut','1964-03-17'),
                   ('72','Meryem Parlar','1958-07-17'),
                   ('73','Siddika Kulu','1958-04-12'),
                   ('74','Beyza Capal','1987-02-01'),
                   ('75','Sevgi Vural','1987-08-21'),
                   ('76','Fatma Goksin','1968-01-25'),
                   ('77','Mert Yilmaz','2001-12-30'),
                   ('78','Han Demirci',null),
                   ('79','Seref Gok','1957-05-28'),
                   ('80','Cagri Seferoglu','1987-03-31'),
                   ('81','Pinar Ok',null),
                   ('82','Goktug Bulbul','1997-05-12'),
                   ('83','Naci Sarrafoglu','1995-05-29'),
                   ('84','Orkun Isit','1964-02-23'),
                   ('85','Omer Unlu','1978-08-31'),
                   ('86','Bora Sahin',null),
                   ('87','Gulsum Goktas','2001-02-23'),
                   ('88','Salim Gunes','2007-04-30'),
                   ('89','Haci Ali Atar','1977-08-20'),
                   ('90','Hasan Basri','1987-06-16'),
                   ('91','Murat Koyuncu','1976-08-17'),
                   ('92','Fevzi Yuce','1958-09-28'),
                   ('93','Bircan Oner','1964-12-27'),
                   ('94','Ali Koc','1999-04-25'),
                   ('95','Emrah Ozdemir','2001-01-30'),
                   ('96','Pinar Can','1976-11-29'),
                   ('97','Sevim Aktas','1975-03-28'),
                   ('98','Cansu Ceylan','1935-08-04'),
                   ('99','Aykut Aksu','1987-04-12'),      
                   ('100','Mehmetcan Akay','1985-05-12'),
                   ('101','Nuhaydar Akbilmez','1987-02-17'),
                   ('102','Cilem Akcay','1992-07-12'),
                   ('103','Emre Ayberk','1988-09-12'),
                   ('104','Servet Deli','1990-10-15'),
                   ('105','Recep Ali','1980-07-12'),
                   ('106','Sarper Akis','1970-05-02'),
                   ('107','Iclal Gele','1999-09-10'),
                   ('108','Toprak Ceylan','2001-03-05'),
                   ('109','Hazal Ozkizikli','2001-01-22'),
                   ('110','Lemis Akkut',null),
                   ('111','Ahmet Rasit','1985-05-11'),
                   ('112','Bedrihan Lutfu','1988-08-03'),
                   ('113','Semina Aktuna','1992-02-15'),
                   ('114','Muyesser Akyil','1980-01-19'),
                   ('115','Bahar Ozlem','1998-07-26'),
                   ('116','Selinti Al','1997-02-05'),
                   ('117','Ilma Aksu','1970-02-10'),
                   ('118','Miray Su','1980-03-17'),
                   ('119','Bahar Tepe','2001-07-08'),
                   ('120','Yigit Aktu','1999-10-07'),
                   ('121','Ecem Hecite','1998-01-09'),
                   ('122','Esra Korkmaz','1998-07-05'),
                   ('123','Burak Tatan','1990-12-02'),
                   ('124','Elif Dila','1987-06-19'),
                   ('125','Erim Eksu','1992-10-13'),
                   ('126','Busra Gul','2000-02-19'),
                   ('127','Erna Arinc','1991-06-24'),
                   ('128','Nefse Altunbakir','1996-01-23'),
                   ('129','Aybike Sena','1997-09-28'),
                   ('130','Yasar Atki','1988-09-08'),
                   ('131','Rima Altinbakar','1998-02-16'),
                   ('132','Ilyas Umut','1992-03-15'),
				   ('133','Hasan Basmacli','1987-06-14'),
                   ('134','Murat Koydurcu','1976-08-17'),
                   ('135','Fevzi Yustur','1995-09-28'),
                   ('136','Bircan Oner',null),
                   ('137','Ali Koc','1999-04-25'),
                   ('138','Osman Atak','1972-12-18'), 
                   ('139','Metin Sen','1999-06-21'),
                   ('140','Mine Ertem','2004-05-24'),
                   ('141','Beyza Kasalci','2000-07-19'),
                   ('142','Sevval Unlu','1985-05-29'),
                   ('143','Kahraman Catik','1983-05-12'),
                   ('144','Ali Catalci',null),
				   ('145','Bayram Goksu','2002-10-22'),
                   ('146','Ayse Mutlu','1999-03-12'),
                   ('147','Adem Buyukcu','2003-02-07'),
                   ('148','Adem Akbulut','1987-04-12'),
                   ('149','Halim Aral','1989-08-13'),
                   ('150','Ayten Diri','1987-04-12'),
                   ('151','Arif Iþýk','1987-04-12'),
                   ('152','Ceyhun Menze','1987-04-12'),
                   ('153','Adem Akbulut',null),
				   ('154','Bahar Ozlem','1998-07-26'),
                   ('155','Selinti Al','1997-02-05'),
                   ('156','Ilma Aksu','1970-02-10'),
                   ('157','Miray Su','1980-03-17'),
                   ('158','Bahar Tepe','2001-07-08'),
                   ('159','Yigit Aktu',null),
                   ('160','Ecem Hecite','1998-01-09'),
                   ('161','Cansev Arat','1987-04-12'),
                   ('162','Yasin Sukru','1987-05-18'),
                   ('163','Mehmet Ali','1998-02-20'),
                   ('164','Deniz Dilay',null),
                   ('165','Izlem Arginc','2002-08-19'),
                   ('166','Oget Arkan','1989-02-11'),
                   ('167','Nazli Sirse','1997-01-13'),
                   ('168','Sevgi Ates','1977-02-12'),
                   ('169','Hayrunissa Asveren',null),
                   ('170','Sectap Gencer','1980-01-19'),
                   ('171','Paksu Erdem','1988-08-22'),
                   ('172','Zeki Yigit','1983-01-09'),
                   ('173','Hanife Duygu','1979-02-18'),
                   ('174','Hami Aydogdu','1980-12-18'),
                   ('175','Elif Feyza','1992-08-16'),
                   ('176','Murat Sinan','1990-01-12'),
                   ('177','Nehar Azli','1977-05-12'),
                   ('178','Ugur Ali','1960-09-12'),
                   ('179','Pirilti Bahceli','1990-02-12');
   
INSERT INTO theatre_play_genres(genre,play_name_genre)
               	VALUES 		('Tragedy','Romeo&Juliet'),
               				('Tragedy','Hamlet'),
               				('Drama','Hamlet'),
               				('Opera','Uc_Kurusluk_Opera'),
							('Tragedy','Kral_Oidipus'),
							('Tragedy','Saticinin_Olumu'),
							('Drama','Bir_Bebek_Evi'),
							('Absurd Fiction','Godot’yu_Beklerken'),
							('Tragicomedy','Godot’yu_Beklerken'),
							('Comedy','Kibarlik_Budalasi'),
							('Tragicomedy','Bir_Delinin_Hatira_Defteri'),
							('Comedy','Visne_Bahcesi');

INSERT INTO take_part(take_part_activity_id,take_part_actor_id)
                  VALUES    ('01','16789548775'),
                            ('01','78514897884'),
                            ('01','36145897453'),
                            ('02','19789587512'),
                            ('02','81359748568'),
                            ('02','74891356481'),
                            ('02','14587244538'),
                            ('02','17842365997'),
                            ('03','57845255215'),
                            ('03','85449625248'),
                            ('03','14529687258'),
                            ('04','78514897884'),
                            ('04','16789548775'),
                            ('04','74652456186'),
                            ('04','14855564414'),
                            ('04','75484965137'),
                            ('04','45875665226'),
                            ('04','36145897453'),
                            ('05','16789548775'),
                            ('05','74891356481'),
                            ('05','14578945887'),
                            ('05','65865246851'),
                            ('05','57846987445'),
                            ('05','84254796542'),
                            ('05','36145897453'),
                            ('05','74526841525'),
                            ('06','36145897453'),
                            ('06','19789587512'),
                            ('06','78514897884'),
                            ('07','14578945887'),
                            ('07','75484965137'),
                            ('07','65865246851'),
                            ('07','84254796542'),
                            ('07','14529687258'),
                            ('08','36145897453'),
                            ('08','74652456186'),
                            ('08','78514897884'),
                            ('09','57845255215'),
                            ('09','14587244538'),
                            ('09','17842365997'),
                            ('10','16789548775'),
                            ('10','74891356481'),
                            ('10','14578945887'),
                            ('10','65865246851'),
                            ('10','57846987445'),
                            ('10','84254796542'),
                            ('10','36145897453'),
                            ('10','74526841525'),
                            ('11','78514897884'),
                            ('11','16789548775'),
                            ('11','74652456186'),
                            ('11','14855564414'),
                            ('11','75484965137'),
                            ('11','45875665226'),
                            ('11','36145897453'),
                            ('12','57845255215'),
                            ('12','14855564414'),
                            ('12','45875665226'),
                            ('12','57846987445'),
                           	('13','74652456186'),
                            ('13','14855564414'),
                            ('13','75484965137'),
                            ('13','45875665226'),
                            ('14','74652456186'),
                            ('14','14855564414'),
                            ('14','75484965137'),
                            ('14','45875665226'),
                            ('15','57845255215'),
                            ('15','14855564414'),
                            ('15','45875665226'),
                            ('15','57846987445'),
                            ('16','19789587512'),
                            ('16','81359748568'),
                            ('16','74891356481'),
                            ('16','16789548775'),
                            ('16','81359748568'),
                            ('16','14578945887'),
                            ('16','65865246851'),
                            ('16','57846987445'),
                            ('16','84254796542'),
                            ('16','36145897453'),
                            ('17','57845255215'),
                            ('17','14855564414'),
                            ('17','45875665226'),
                            ('18','57845255215'),
                            ('18','14587244538'),
                            ('18','17842365997');
						
UPDATE actors set salary=6500 where fullname='Haluk Bilginer'; --to increase Haluk Bilginer's salary
						
--it shows the all activites(theatre plays)
CREATE view all_activities as
				select a.activity_play_name as Play_Name, t.theatre_address as Theatre_Location, t.theatre_name as Theatre_Name, a.activity_date as Activity_Date
				from theatre t, activity a
				where a.activity_theatre_address = t.theatre_address;

CREATE view all_customers as
				select c.customer_name as Customer_FullName, c.birthday as Customer_Birthday, a.activity_play_name as Play_Name, a.activity_date Play_Date, t.theatre_name as Theatre_Name
				from customer c, activity a, theatre t, ticket tct
				where c.id = tct.id and a.activity_theatre_address = t.theatre_address and tct.ticket_date = a.activity_date;
			
create view sold_tickets as
				select c.customer_name as CustomerFullName, tct.id as TicketID, a.activity_play_name as Play_Name, t.theatre_name as Theatre_Name, tct.ticket_price as TicketPrice
				from theatre t, activity a, ticket tct, customer c
				where a.activity_theatre_address = t.theatre_address and tct.id = c.id and tct.ticket_date = a.activity_date and tct.id between 0 and 100;
                  